<?xml version = '1.0' encoding = 'UTF-8'?>
<FKIndexAssociation class="oracle.dbtools.crest.model.design.relational.FKIndexAssociation" directorySegmentName="seg_0" id="1F1774CD-104A-8FBD-CCA6-5DE8DC6C28A9" containerWithKeyObject="06416CA8-6BEB-1588-777A-E102667FF5F9" localFKIndex="971B1E95-AAED-6A55-4C9A-E453165B079A" name="FK_STU_MEDICAMENTO_PM">
<createdBy>Gustavo Padlipskas</createdBy>
<createdTime>2022-08-08 20:42:05 UTC</createdTime>
<generatorID>E71B8DAC-5B82-7B25-D969-CE67BC49AF03</generatorID>
<ownerDesignName>PROJETO_HOSPITAL</ownerDesignName>
<referredTableLongName>T_RHSTU_MEDICAMENTO</referredTableLongName>
<deleteRule>NO ACTION</deleteRule>
<referredTableID>83AB0BF5-2C78-FE00-F387-1DE8B86EC1DD</referredTableID>
<keyObject>334438E4-4E3A-11ED-FEF1-BD590564FED9</keyObject>
<referredKeyID>334438E4-4E3A-11ED-FEF1-BD590564FED9</referredKeyID>
<mandatory>true</mandatory>
<refColNames>ID_MEDICAMENTO</refColNames>
<transferable>true</transferable>
<rely>false</rely>
<columnDependencyConstraintGenerateInDDL>true</columnDependencyConstraintGenerateInDDL>
</FKIndexAssociation>