<?xml version = '1.0' encoding = 'UTF-8'?>
<FKIndexAssociation class="oracle.dbtools.crest.model.design.relational.FKIndexAssociation" directorySegmentName="seg_0" id="24336DC4-9894-A2A5-DCDA-F7AC82BC3548" containerWithKeyObject="14DC936F-8F8E-E299-9CE8-E52D592A5756" localFKIndex="4585A724-6D55-29D8-A808-CEAB00D3817A" name="FK_LOGRADOURO_END_PACIENTE">
<createdBy>Gustavo Padlipskas</createdBy>
<createdTime>2022-08-08 20:42:05 UTC</createdTime>
<generatorID>6177A758-C962-F731-DD11-84E24402812C</generatorID>
<ownerDesignName>PROJETO_HOSPITAL</ownerDesignName>
<referredTableLongName>T_RHSTU_LOGRADOURO</referredTableLongName>
<deleteRule>NO ACTION</deleteRule>
<referredTableID>36D5C556-F8EF-70EB-0600-C9ADB6FD7C1E</referredTableID>
<keyObject>5AF7913D-349F-6592-20F5-0B0EB9D98DC1</keyObject>
<referredKeyID>5AF7913D-349F-6592-20F5-0B0EB9D98DC1</referredKeyID>
<mandatory>true</mandatory>
<refColNames>ID_LOGRADOURO</refColNames>
<transferable>true</transferable>
<rely>false</rely>
<columnDependencyConstraintGenerateInDDL>true</columnDependencyConstraintGenerateInDDL>
</FKIndexAssociation>