<?xml version = '1.0' encoding = 'UTF-8'?>
<FKIndexAssociation class="oracle.dbtools.crest.model.design.relational.FKIndexAssociation" directorySegmentName="seg_0" id="33FAAB00-A5E4-ED00-031B-3E2F802C34F6" containerWithKeyObject="9D6EC161-08E1-F216-A531-207B0ED012DC" localFKIndex="1B0607BE-8980-6D48-F30D-E09B267334B5" name="FK_RHSTU_PAC_PLANO_SAUDE">
<createdBy>Gustavo Padlipskas</createdBy>
<createdTime>2022-08-08 20:42:05 UTC</createdTime>
<generatorID>64277932-723C-53E9-4B5B-01730F978667</generatorID>
<ownerDesignName>PROJETO_HOSPITAL</ownerDesignName>
<referredTableLongName>T_RHSTU_PACIENTE</referredTableLongName>
<deleteRule>NO ACTION</deleteRule>
<referredTableID>FB639644-CF03-597A-9E95-7931AD952ED1</referredTableID>
<keyObject>3F55400A-27D9-FB97-4003-4B6F3AE23F31</keyObject>
<referredKeyID>3F55400A-27D9-FB97-4003-4B6F3AE23F31</referredKeyID>
<mandatory>true</mandatory>
<refColNames>ID_PACIENTE</refColNames>
<transferable>true</transferable>
<rely>false</rely>
<columnDependencyConstraintGenerateInDDL>true</columnDependencyConstraintGenerateInDDL>
</FKIndexAssociation>