<?xml version = '1.0' encoding = 'UTF-8'?>
<FKIndexAssociation class="oracle.dbtools.crest.model.design.relational.FKIndexAssociation" directorySegmentName="seg_0" id="D94F586C-38C5-DD29-B962-0B8D056348C6" containerWithKeyObject="9271FDE9-470C-FCC9-FF7F-D118FCA2EF11" localFKIndex="BEF12CD4-198A-DED3-1D7E-309A2E7DFBD9" name="FK_RHSTU_PACIENTE_TELEF">
<createdBy>Gustavo Padlipskas</createdBy>
<createdTime>2022-08-08 20:42:05 UTC</createdTime>
<generatorID>8BCC4E83-DAA8-181A-7DE9-422F9A8742E1</generatorID>
<ownerDesignName>PROJETO_HOSPITAL</ownerDesignName>
<referredTableLongName>T_RHSTU_PACIENTE</referredTableLongName>
<deleteRule>NO ACTION</deleteRule>
<referredTableID>FB639644-CF03-597A-9E95-7931AD952ED1</referredTableID>
<keyObject>3F55400A-27D9-FB97-4003-4B6F3AE23F31</keyObject>
<referredKeyID>3F55400A-27D9-FB97-4003-4B6F3AE23F31</referredKeyID>
<mandatory>true</mandatory>
<refColNames>ID_PACIENTE</refColNames>
<transferable>true</transferable>
<rely>false</rely>
<columnDependencyConstraintGenerateInDDL>true</columnDependencyConstraintGenerateInDDL>
</FKIndexAssociation>