<?xml version = '1.0' encoding = 'UTF-8'?>
<Diagram class="oracle.dbtools.crest.swingui.logical.DPVLogical" name="Logical" id="C93A317F-40C4-8454-609B-BA5EA143DC15">
<createdBy>Gustavo Padlipskas</createdBy>
<modifiedBy>Gustavo Padlipskas</modifiedBy>
<createdTime>2021-03-11 14:57:46 UTC</createdTime>
<autoRoute>false</autoRoute>
<boxInbox>true</boxInbox>
<showLegend>false</showLegend>
<showLabels>false</showLabels>
<showRelAttributes>false</showRelAttributes>
<gridEnabled>false</gridEnabled>
<showGrid>false</showGrid>
<diagramColor>-1</diagramColor>
<display>false</display>
<notation>2</notation>
<objectViews>
<OView class="oracle.dbtools.crest.swingui.logical.TVEntity" oid="128A06F5-ACC4-30DE-2C1E-AAC377E85CE9" otype="Entity" vid="A8987B57-4A96-8964-8CDA-B2E6DB21D936">
<hideElementsInCurrentOnly>false</hideElementsInCurrentOnly>
<bounds x="159" y="618" width="255" height="148"/>
</OView>
<OView class="oracle.dbtools.crest.swingui.logical.TVEntity" oid="2E17E053-B7F9-61F5-7EE4-7762B7062211" otype="Entity" vid="A70E48F5-38D3-DEC5-8289-A275AEBCF97D">
<hideElementsInCurrentOnly>false</hideElementsInCurrentOnly>
<bounds x="693" y="20" width="269" height="138"/>
<useCustomFormat>true</useCustomFormat>
<useDefaultColor>false</useDefaultColor>
<backgroundColor>-13159</backgroundColor>
<foregroundColor>-16776961</foregroundColor>
<fonts itemClass="oracle.dbtools.crest.model.design.FontObjectWr">
<FontObject>
<foType>Título</foType>
<fontStyle>1</fontStyle>
<colorRGB>-16776961</colorRGB>
</FontObject>
<FontObject>
<foType>Atributo</foType>
<colorRGB>-16777216</colorRGB>
</FontObject>
<FontObject>
<foType>Tipo de dados</foType>
<colorRGB>-16744448</colorRGB>
</FontObject>
<FontObject>
<foType>Elemento da Chave Primária</foType>
<colorRGB>-16776961</colorRGB>
</FontObject>
<FontObject>
<foType>Elemento da Chave Estrangeira</foType>
<colorRGB>-16777216</colorRGB>
</FontObject>
<FontObject>
<foType>Elemento de Chave Exclusiva</foType>
<colorRGB>-16776961</colorRGB>
</FontObject>
<FontObject>
<foType>NOT NULL</foType>
<colorRGB>-65536</colorRGB>
</FontObject>
<FontObject>
<foType>Chave</foType>
<colorRGB>-16777216</colorRGB>
</FontObject>
<FontObject>
<foType>Comentários</foType>
<colorRGB>-12566464</colorRGB>
</FontObject>
<FontObject>
<foType>Title</foType>
<fontStyle>1</fontStyle>
<colorRGB>-16776961</colorRGB>
</FontObject>
<FontObject>
<foType>Attribute</foType>
<colorRGB>-16777216</colorRGB>
</FontObject>
<FontObject>
<foType>PK Element</foType>
<colorRGB>-16776961</colorRGB>
</FontObject>
<FontObject>
<foType>Datatype</foType>
<colorRGB>-16744448</colorRGB>
</FontObject>
<FontObject>
<foType>FK Element</foType>
<colorRGB>-16777216</colorRGB>
</FontObject>
<FontObject>
<foType>Key</foType>
<colorRGB>-16777216</colorRGB>
</FontObject>
</fonts>
</OView>
<OView class="oracle.dbtools.crest.swingui.logical.TVEntity" oid="47C75438-70D2-DF01-1336-9771340E4070" otype="Entity" vid="A2C29CB3-EE06-73DF-4C74-2358EC6BF04D">
<hideElementsInCurrentOnly>false</hideElementsInCurrentOnly>
<bounds x="859" y="400" width="319" height="210"/>
</OView>
<OView class="oracle.dbtools.crest.swingui.logical.TVEntity" oid="506DDC9A-FC9E-D13D-7FAD-ED571E3AEA46" otype="Entity" vid="17E983DE-37CB-93F1-22B4-D334D77A1EA5">
<hideElementsInCurrentOnly>false</hideElementsInCurrentOnly>
<bounds x="530" y="653" width="305" height="219"/>
</OView>
<OView class="oracle.dbtools.crest.swingui.logical.TVEntity" oid="62D01CD6-2F78-C150-EDE6-828E39ACBC85" otype="Entity" vid="DC79CE76-FFC9-949C-E922-6D94E493ABC2">
<hideElementsInCurrentOnly>false</hideElementsInCurrentOnly>
<bounds x="534" y="400" width="301" height="213"/>
</OView>
<OView class="oracle.dbtools.crest.swingui.logical.TVEntity" oid="6AD84641-74C7-941E-D851-BC47522F588A" otype="Entity" vid="A8114C20-D698-ED50-3644-88C00B8C4A1A">
<hideElementsInCurrentOnly>false</hideElementsInCurrentOnly>
<bounds x="366" y="17" width="264" height="135"/>
<useCustomFormat>true</useCustomFormat>
<useDefaultColor>false</useDefaultColor>
<backgroundColor>-13159</backgroundColor>
<foregroundColor>-16776961</foregroundColor>
<fonts itemClass="oracle.dbtools.crest.model.design.FontObjectWr">
<FontObject>
<foType>Título</foType>
<fontStyle>1</fontStyle>
<colorRGB>-16776961</colorRGB>
</FontObject>
<FontObject>
<foType>Atributo</foType>
<colorRGB>-16777216</colorRGB>
</FontObject>
<FontObject>
<foType>Tipo de dados</foType>
<colorRGB>-16744448</colorRGB>
</FontObject>
<FontObject>
<foType>Elemento da Chave Primária</foType>
<colorRGB>-16776961</colorRGB>
</FontObject>
<FontObject>
<foType>Elemento da Chave Estrangeira</foType>
<colorRGB>-16777216</colorRGB>
</FontObject>
<FontObject>
<foType>Elemento de Chave Exclusiva</foType>
<colorRGB>-16776961</colorRGB>
</FontObject>
<FontObject>
<foType>NOT NULL</foType>
<colorRGB>-65536</colorRGB>
</FontObject>
<FontObject>
<foType>Chave</foType>
<colorRGB>-16777216</colorRGB>
</FontObject>
<FontObject>
<foType>Comentários</foType>
<colorRGB>-12566464</colorRGB>
</FontObject>
<FontObject>
<foType>Title</foType>
<fontStyle>1</fontStyle>
<colorRGB>-16776961</colorRGB>
</FontObject>
<FontObject>
<foType>Attribute</foType>
<colorRGB>-16777216</colorRGB>
</FontObject>
<FontObject>
<foType>PK Element</foType>
<colorRGB>-16776961</colorRGB>
</FontObject>
<FontObject>
<foType>Datatype</foType>
<colorRGB>-16744448</colorRGB>
</FontObject>
<FontObject>
<foType>FK Element</foType>
<colorRGB>-16777216</colorRGB>
</FontObject>
<FontObject>
<foType>Key</foType>
<colorRGB>-16777216</colorRGB>
</FontObject>
</fonts>
</OView>
<OView class="oracle.dbtools.crest.swingui.logical.TVEntity" oid="7F97AFCE-66B0-EFFB-374D-972A410BD8AB" otype="Entity" vid="3DF90A5B-6C7B-1E3A-B0C9-77F72F8CEFD2">
<hideElementsInCurrentOnly>false</hideElementsInCurrentOnly>
<bounds x="12" y="22" width="270" height="130"/>
<useCustomFormat>true</useCustomFormat>
<useDefaultColor>false</useDefaultColor>
<backgroundColor>-13159</backgroundColor>
<foregroundColor>-16776961</foregroundColor>
<fonts itemClass="oracle.dbtools.crest.model.design.FontObjectWr">
<FontObject>
<foType>Título</foType>
<fontStyle>1</fontStyle>
<colorRGB>-16776961</colorRGB>
</FontObject>
<FontObject>
<foType>Atributo</foType>
<colorRGB>-16777216</colorRGB>
</FontObject>
<FontObject>
<foType>Tipo de dados</foType>
<colorRGB>-16744448</colorRGB>
</FontObject>
<FontObject>
<foType>Elemento da Chave Primária</foType>
<colorRGB>-16776961</colorRGB>
</FontObject>
<FontObject>
<foType>Elemento da Chave Estrangeira</foType>
<colorRGB>-16777216</colorRGB>
</FontObject>
<FontObject>
<foType>Elemento de Chave Exclusiva</foType>
<colorRGB>-16776961</colorRGB>
</FontObject>
<FontObject>
<foType>NOT NULL</foType>
<colorRGB>-65536</colorRGB>
</FontObject>
<FontObject>
<foType>Chave</foType>
<colorRGB>-16777216</colorRGB>
</FontObject>
<FontObject>
<foType>Comentários</foType>
<colorRGB>-12566464</colorRGB>
</FontObject>
<FontObject>
<foType>Title</foType>
<fontStyle>1</fontStyle>
<colorRGB>-16776961</colorRGB>
</FontObject>
<FontObject>
<foType>Attribute</foType>
<colorRGB>-16777216</colorRGB>
</FontObject>
<FontObject>
<foType>PK Element</foType>
<colorRGB>-16776961</colorRGB>
</FontObject>
<FontObject>
<foType>Datatype</foType>
<colorRGB>-16744448</colorRGB>
</FontObject>
<FontObject>
<foType>Key</foType>
<colorRGB>-16777216</colorRGB>
</FontObject>
</fonts>
</OView>
<OView class="oracle.dbtools.crest.swingui.TVNote" oid="85D1CBFA-1EB5-3B32-1365-22AA201481E3" otype="Note" vid="26AC02A3-FF41-873E-27CA-AB026F3D9BD7">
<hideElementsInCurrentOnly>false</hideElementsInCurrentOnly>
<bounds x="12" y="242" width="252" height="156"/>
<useCustomFormat>true</useCustomFormat>
<useDefaultColor>false</useDefaultColor>
<backgroundColor>-13210</backgroundColor>
<foregroundColor>-16777216</foregroundColor>
<comment>PROJETO PRONTO SOCORRO
REDE DE HOSPITAL SOMOS TODOS UM!</comment>
<fonts itemClass="oracle.dbtools.crest.model.design.FontObjectWr">
<FontObject>
<foType>Título</foType>
<fontName>Arial Black</fontName>
<fontSize>20</fontSize>
<colorRGB>-16777216</colorRGB>
</FontObject>
<FontObject>
<foType>Title</foType>
<colorRGB>-16777216</colorRGB>
</FontObject>
</fonts>
</OView>
<OView class="oracle.dbtools.crest.swingui.logical.TVEntity" oid="8A769596-8442-81C5-8E8B-9FFE4C17B2D7" otype="Entity" vid="7C2D53D1-D87C-C804-DC36-6A608C41A322">
<hideElementsInCurrentOnly>false</hideElementsInCurrentOnly>
<bounds x="873" y="655" width="301" height="218"/>
</OView>
<OView class="oracle.dbtools.crest.swingui.logical.TVEntity" oid="C023C37B-73A0-F5E9-BA35-4543DDFA0A73" otype="Entity" vid="BC386EE4-6490-F358-5305-417233D157EB">
<hideElementsInCurrentOnly>false</hideElementsInCurrentOnly>
<bounds x="991" y="943" width="263" height="109"/>
</OView>
<OView class="oracle.dbtools.crest.swingui.logical.TVEntity" oid="CBAB72BD-2C72-93E2-581E-5CF7D77F8D30" otype="Entity" vid="DC281FD4-C0C9-208F-CBAC-77ABDF755D36">
<hideElementsInCurrentOnly>false</hideElementsInCurrentOnly>
<bounds x="157" y="777" width="258" height="121"/>
</OView>
<OView class="oracle.dbtools.crest.swingui.logical.TVEntity" oid="CF7E684C-BC79-0E77-8FF8-4F47FD9F030D" otype="Entity" vid="C4FCEEA7-9BE9-34D7-6FDF-99D98F2BC73E">
<hideElementsInCurrentOnly>false</hideElementsInCurrentOnly>
<bounds x="661" y="1147" width="284" height="165"/>
</OView>
<OView class="oracle.dbtools.crest.swingui.logical.TVEntity" oid="EB306B84-06F0-E9C1-7E7E-6883591BB833" otype="Entity" vid="284D9492-73BA-3BDA-879C-19AC88201FF8">
<hideElementsInCurrentOnly>false</hideElementsInCurrentOnly>
<bounds x="183" y="978" width="295" height="138"/>
</OView>
<OView class="oracle.dbtools.crest.swingui.logical.TVEntity" oid="EE269725-9526-7646-7119-DB2E063BE677" otype="Entity" vid="86DECECB-077A-141C-AF22-06D3CD7F8894">
<hideElementsInCurrentOnly>false</hideElementsInCurrentOnly>
<bounds x="649" y="944" width="294" height="116"/>
</OView>
<OView class="oracle.dbtools.crest.swingui.logical.TVEntity" oid="EF36AE33-0C04-3207-A42D-300BDBCD0474" otype="Entity" vid="13C0B371-D802-108C-8C6A-7949804F43F1">
<hideElementsInCurrentOnly>false</hideElementsInCurrentOnly>
<bounds x="690" y="200" width="269" height="146"/>
<useCustomFormat>true</useCustomFormat>
<useDefaultColor>false</useDefaultColor>
<backgroundColor>-13159</backgroundColor>
<foregroundColor>-16776961</foregroundColor>
<fonts itemClass="oracle.dbtools.crest.model.design.FontObjectWr">
<FontObject>
<foType>Título</foType>
<fontStyle>1</fontStyle>
<colorRGB>-16776961</colorRGB>
</FontObject>
<FontObject>
<foType>Atributo</foType>
<colorRGB>-16777216</colorRGB>
</FontObject>
<FontObject>
<foType>Tipo de dados</foType>
<colorRGB>-16744448</colorRGB>
</FontObject>
<FontObject>
<foType>Elemento da Chave Primária</foType>
<colorRGB>-16776961</colorRGB>
</FontObject>
<FontObject>
<foType>Elemento da Chave Estrangeira</foType>
<colorRGB>-16777216</colorRGB>
</FontObject>
<FontObject>
<foType>Elemento de Chave Exclusiva</foType>
<colorRGB>-16776961</colorRGB>
</FontObject>
<FontObject>
<foType>NOT NULL</foType>
<colorRGB>-65536</colorRGB>
</FontObject>
<FontObject>
<foType>Chave</foType>
<colorRGB>-16777216</colorRGB>
</FontObject>
<FontObject>
<foType>Comentários</foType>
<colorRGB>-12566464</colorRGB>
</FontObject>
<FontObject>
<foType>Title</foType>
<fontStyle>1</fontStyle>
<colorRGB>-16776961</colorRGB>
</FontObject>
<FontObject>
<foType>Attribute</foType>
<colorRGB>-16777216</colorRGB>
</FontObject>
<FontObject>
<foType>PK Element</foType>
<colorRGB>-16776961</colorRGB>
</FontObject>
<FontObject>
<foType>Datatype</foType>
<colorRGB>-16744448</colorRGB>
</FontObject>
<FontObject>
<foType>FK Element</foType>
<colorRGB>-16777216</colorRGB>
</FontObject>
<FontObject>
<foType>Key</foType>
<colorRGB>-16777216</colorRGB>
</FontObject>
</fonts>
</OView>
</objectViews>
<connectors>
<Connector class="oracle.dbtools.crest.swingui.logical.TVRelation" oid="11E26486-7C80-E912-9CC5-F7595155DFD5" otype="Relation" vid_source="17E983DE-37CB-93F1-22B4-D334D77A1EA5" vid_target="284D9492-73BA-3BDA-879C-19AC88201FF8">
<hideElementsInCurrentOnly>false</hideElementsInCurrentOnly>
<backgroundColor>-16777216</backgroundColor>
<lineWidth>1</lineWidth>
<points>
<point x="584" y="872"/>
<point x="584" y="1053"/>
<point x="478" y="1053"/>
</points>
</Connector>
<Connector class="oracle.dbtools.crest.swingui.logical.TVRelation" oid="12308B94-8306-62F2-157F-3CE823F485DA" otype="Relation" vid_source="13C0B371-D802-108C-8C6A-7949804F43F1" vid_target="A2C29CB3-EE06-73DF-4C74-2358EC6BF04D">
<hideElementsInCurrentOnly>false</hideElementsInCurrentOnly>
<backgroundColor>-16777216</backgroundColor>
<lineWidth>1</lineWidth>
<points>
<point x="909" y="346"/>
<point x="909" y="400"/>
</points>
</Connector>
<Connector class="oracle.dbtools.crest.swingui.logical.TVRelation" oid="1DE81324-BF49-C5B2-DD0C-973181955C9B" otype="Relation" vid_source="C4FCEEA7-9BE9-34D7-6FDF-99D98F2BC73E" vid_target="86DECECB-077A-141C-AF22-06D3CD7F8894">
<hideElementsInCurrentOnly>false</hideElementsInCurrentOnly>
<backgroundColor>-16777216</backgroundColor>
<lineWidth>1</lineWidth>
<points>
<point x="745" y="1147"/>
<point x="746" y="1060"/>
</points>
</Connector>
<Connector class="oracle.dbtools.crest.swingui.logical.TVRelation" oid="37A543E5-E7E4-F0F3-EEE2-79E8573E6D9F" otype="Relation" vid_source="7C2D53D1-D87C-C804-DC36-6A608C41A322" vid_target="A2C29CB3-EE06-73DF-4C74-2358EC6BF04D">
<hideElementsInCurrentOnly>false</hideElementsInCurrentOnly>
<backgroundColor>-16777216</backgroundColor>
<lineWidth>1</lineWidth>
<points>
<point x="1023" y="655"/>
<point x="1023" y="610"/>
</points>
</Connector>
<Connector class="oracle.dbtools.crest.swingui.logical.TVRelation" oid="6177A758-C962-F731-DD11-84E24402812C" otype="Relation" vid_source="13C0B371-D802-108C-8C6A-7949804F43F1" vid_target="DC79CE76-FFC9-949C-E922-6D94E493ABC2">
<hideElementsInCurrentOnly>false</hideElementsInCurrentOnly>
<backgroundColor>-16777216</backgroundColor>
<lineWidth>1</lineWidth>
<points>
<point x="762" y="346"/>
<point x="762" y="400"/>
</points>
</Connector>
<Connector class="oracle.dbtools.crest.swingui.logical.TVRelation" oid="623F2D3C-D03F-626A-4CFB-28BE89CD3101" otype="Relation" vid_source="C4FCEEA7-9BE9-34D7-6FDF-99D98F2BC73E" vid_target="BC386EE4-6490-F358-5305-417233D157EB">
<hideElementsInCurrentOnly>false</hideElementsInCurrentOnly>
<backgroundColor>-16777216</backgroundColor>
<lineWidth>1</lineWidth>
<points>
<point x="945" y="1252"/>
<point x="1102" y="1252"/>
<point x="1102" y="1052"/>
</points>
</Connector>
<Connector class="oracle.dbtools.crest.swingui.logical.TVRelation" oid="635E78F2-3EA6-61D4-E7C5-E28D3B43923A" otype="Relation" vid_source="17E983DE-37CB-93F1-22B4-D334D77A1EA5" vid_target="A8987B57-4A96-8964-8CDA-B2E6DB21D936">
<hideElementsInCurrentOnly>false</hideElementsInCurrentOnly>
<backgroundColor>-16777216</backgroundColor>
<lineWidth>1</lineWidth>
<points>
<point x="530" y="709"/>
<point x="414" y="709"/>
</points>
</Connector>
<Connector class="oracle.dbtools.crest.swingui.logical.TVRelation" oid="7A44CA83-2567-601B-3A93-654A32B8C4FE" otype="Relation" vid_source="3DF90A5B-6C7B-1E3A-B0C9-77F72F8CEFD2" vid_target="A8114C20-D698-ED50-3644-88C00B8C4A1A">
<hideElementsInCurrentOnly>false</hideElementsInCurrentOnly>
<backgroundColor>-16777216</backgroundColor>
<lineWidth>1</lineWidth>
<points>
<point x="282" y="87"/>
<point x="366" y="87"/>
</points>
</Connector>
<Connector class="oracle.dbtools.crest.swingui.logical.TVRelation" oid="A155D6EE-6E19-37BC-0365-53D554EAE696" otype="Relation" vid_source="17E983DE-37CB-93F1-22B4-D334D77A1EA5" vid_target="DC281FD4-C0C9-208F-CBAC-77ABDF755D36">
<hideElementsInCurrentOnly>false</hideElementsInCurrentOnly>
<backgroundColor>-16777216</backgroundColor>
<lineWidth>1</lineWidth>
<points>
<point x="530" y="839"/>
<point x="415" y="839"/>
</points>
</Connector>
<Connector class="oracle.dbtools.crest.swingui.logical.TVRelation" oid="B99331BB-0605-C347-7BB9-BF08521D724D" otype="Relation" vid_source="17E983DE-37CB-93F1-22B4-D334D77A1EA5" vid_target="DC79CE76-FFC9-949C-E922-6D94E493ABC2">
<hideElementsInCurrentOnly>false</hideElementsInCurrentOnly>
<backgroundColor>-16777216</backgroundColor>
<lineWidth>1</lineWidth>
<points>
<point x="684" y="653"/>
<point x="684" y="613"/>
</points>
</Connector>
<Connector class="oracle.dbtools.crest.swingui.logical.TVRelation" oid="C31FED11-1D9C-9238-DF35-C2367D31CAF5" otype="Relation" vid_source="A8114C20-D698-ED50-3644-88C00B8C4A1A" vid_target="A70E48F5-38D3-DEC5-8289-A275AEBCF97D">
<hideElementsInCurrentOnly>false</hideElementsInCurrentOnly>
<backgroundColor>-16777216</backgroundColor>
<lineWidth>1</lineWidth>
<points>
<point x="630" y="86"/>
<point x="693" y="86"/>
</points>
</Connector>
<Connector class="oracle.dbtools.crest.swingui.logical.TVRelation" oid="DBB65F97-DD23-AFDD-4633-4CB296E35174" otype="Relation" vid_source="A70E48F5-38D3-DEC5-8289-A275AEBCF97D" vid_target="13C0B371-D802-108C-8C6A-7949804F43F1">
<hideElementsInCurrentOnly>false</hideElementsInCurrentOnly>
<backgroundColor>-16777216</backgroundColor>
<lineWidth>1</lineWidth>
<points>
<point x="826" y="158"/>
<point x="826" y="200"/>
</points>
</Connector>
<Connector class="oracle.dbtools.crest.swingui.logical.TVRelation" oid="E0282687-488F-5461-153E-3B64AE092D00" otype="Relation" vid_source="17E983DE-37CB-93F1-22B4-D334D77A1EA5" vid_target="86DECECB-077A-141C-AF22-06D3CD7F8894">
<hideElementsInCurrentOnly>false</hideElementsInCurrentOnly>
<backgroundColor>-16777216</backgroundColor>
<lineWidth>1</lineWidth>
<points>
<point x="742" y="872"/>
<point x="742" y="944"/>
</points>
</Connector>
<Connector class="oracle.dbtools.crest.swingui.logical.TVRelation" oid="EB3AAC92-3084-5923-2514-3AAF334BC384" otype="Relation" vid_source="7C2D53D1-D87C-C804-DC36-6A608C41A322" vid_target="BC386EE4-6490-F358-5305-417233D157EB">
<hideElementsInCurrentOnly>false</hideElementsInCurrentOnly>
<backgroundColor>-16777216</backgroundColor>
<lineWidth>1</lineWidth>
<points>
<point x="1082" y="873"/>
<point x="1082" y="943"/>
</points>
</Connector>
</connectors>
</Diagram>