<?xml version = '1.0' encoding = 'UTF-8'?>
<Entity class="oracle.dbtools.crest.model.design.logical.Entity" directorySegmentName="seg_0" id="128A06F5-ACC4-30DE-2C1E-AAC377E85CE9" name="T_RHSTU_TEL_PACIENTE">
<createdBy>logonrmlocal</createdBy>
<createdTime>2023-04-11 22:22:58 UTC</createdTime>
<ownerDesignName>PROJETO_HOSPITAL</ownerDesignName>
<engineerTo>
<item key="BD52EFD7-AD57-1D29-FBCE-37428351E3D1" value="true"/>
</engineerTo>
<adequatelyNormalized>NO</adequatelyNormalized>
<expectedVolumes>0</expectedVolumes>
<fwdEngineeringStrategyName>Single Table</fwdEngineeringStrategyName>
<growthPercent>0</growthPercent>
<growthType>Year</growthType>
<maxVolumes>9999999</maxVolumes>
<minVolumes>0</minVolumes>
<normalForm>Third</normalForm>
<attributes itemClass="oracle.dbtools.crest.model.design.logical.Attribute">
<Attribute name="ID_TELEFONE" id="0634347A-89C7-60CD-1C05-10846C2C9343">
<createdBy>logonrmlocal</createdBy>
<createdTime>2023-04-11 22:22:58 UTC</createdTime>
<comment><![CDATA[Este atributo refere-se a chave primária da tabela do telefone do cliente do projeto vende. Seu conteúdo é obrigatório e será preenchido automaticamente pela aplicação.]]></comment>
<commentInRDBMS><![CDATA[Este atributo refere-se a chave primária da tabela do telefone do cliente. Seu conteúdo é obrigatório e será preenchido automaticamente pela aplicação.
]]></commentInRDBMS>
<ownerDesignName>PROJETO_HOSPITAL</ownerDesignName>
<importedID>D2629C82-B686-45B2-3EA2-3BF30530B3C2</importedID>
<engineerTo>
<item key="BD52EFD7-AD57-1D29-FBCE-37428351E3D1" value="true"/>
</engineerTo>
<useDomainConstraints>false</useDomainConstraints>
<use>1</use>
<logicalDatatype>LOGDT019</logicalDatatype>
<dataTypePrecision>8</dataTypePrecision>
<ownDataTypeParameters>,8,</ownDataTypeParameters>
</Attribute>
<Attribute name="ID_PACIENTE" id="ED661A05-1C9A-036C-2F18-366C5CA62833">
<createdBy>logonrmlocal</createdBy>
<createdTime>2023-04-11 22:30:35 UTC</createdTime>
<comment><![CDATA[Esse atributo irá receber a chave primária do paciente. Esse número é sequencial e gerado automaticamente pelo sistema. Seu conteúdo é obrigatório.]]></comment>
<generatorID>635E78F2-3EA6-61D4-E7C5-E28D3B43923A</generatorID>
<ownerDesignName>PROJETO_HOSPITAL</ownerDesignName>
<engineerTo>
<item key="BD52EFD7-AD57-1D29-FBCE-37428351E3D1" value="true"/>
</engineerTo>
<referedAttribute>15A097FF-A07C-398B-0F86-D42FFB66F5C7</referedAttribute>
<useDomainConstraints>false</useDomainConstraints>
<use>1</use>
<logicalDatatype>LOGDT019</logicalDatatype>
<dataTypePrecision>9</dataTypePrecision>
<ownDataTypeParameters>,,</ownDataTypeParameters>
</Attribute>
<Attribute name="NR_DDI" id="40E75A4C-C0BE-CD47-1C9B-EA3FE7191DED">
<createdBy>logonrmlocal</createdBy>
<createdTime>2023-04-11 22:22:58 UTC</createdTime>
<comment><![CDATA[Este atributo refere-se ao numero do DDI. Esse atributo é obrigatório.]]></comment>
<commentInRDBMS><![CDATA[Este atributo refere-se ao numero do DDI. Esse atributo é obrigatório.
]]></commentInRDBMS>
<ownerDesignName>PROJETO_HOSPITAL</ownerDesignName>
<importedID>E054F4BA-B48C-3D47-65F3-9769B610D7AF</importedID>
<engineerTo>
<item key="BD52EFD7-AD57-1D29-FBCE-37428351E3D1" value="true"/>
</engineerTo>
<useDomainConstraints>false</useDomainConstraints>
<use>1</use>
<logicalDatatype>LOGDT019</logicalDatatype>
<dataTypePrecision>3</dataTypePrecision>
<ownDataTypeParameters>,3,</ownDataTypeParameters>
</Attribute>
<Attribute name="NR_DDD" id="DD2864FB-CDBD-E095-388D-3F13D4FDED16">
<createdBy>logonrmlocal</createdBy>
<createdTime>2023-04-11 22:22:58 UTC</createdTime>
<comment><![CDATA[Este atributo refere-se a data de nascimento do cliente e seu conteúdo é opcional. ]]></comment>
<commentInRDBMS><![CDATA[Este atributo refere-se ao número do DDD do telefone do cliente. seu conteudo é opcional..]]></commentInRDBMS>
<ownerDesignName>PROJETO_HOSPITAL</ownerDesignName>
<importedID>297B89D1-FB1C-3B04-8EA9-33E82830333E</importedID>
<engineerTo>
<item key="BD52EFD7-AD57-1D29-FBCE-37428351E3D1" value="true"/>
</engineerTo>
<nullsAllowed>true</nullsAllowed>
<useDomainConstraints>false</useDomainConstraints>
<use>1</use>
<logicalDatatype>LOGDT019</logicalDatatype>
<dataTypePrecision>3</dataTypePrecision>
<ownDataTypeParameters>,3,</ownDataTypeParameters>
</Attribute>
<Attribute name="NR_TELEFONE" id="CEE14BFD-6513-D6C8-7B08-656615D7061F">
<createdBy>logonrmlocal</createdBy>
<createdTime>2023-04-11 22:22:58 UTC</createdTime>
<comment><![CDATA[Esse atributo irá receber o numero do telefone do cliente. Atributo obrigatorio.]]></comment>
<commentInRDBMS><![CDATA[Esse atributo irá receber o numero do telefone do cliente. Atributo obrigatorio.]]></commentInRDBMS>
<ownerDesignName>PROJETO_HOSPITAL</ownerDesignName>
<importedID>A1AD19A9-AD0B-7769-137D-ABBC1B53209E</importedID>
<engineerTo>
<item key="BD52EFD7-AD57-1D29-FBCE-37428351E3D1" value="true"/>
</engineerTo>
<useDomainConstraints>false</useDomainConstraints>
<use>1</use>
<logicalDatatype>LOGDT019</logicalDatatype>
<dataTypePrecision>9</dataTypePrecision>
<ownDataTypeParameters>,9,</ownDataTypeParameters>
</Attribute>
<Attribute name="NM_TIPO_TELEFONE" id="F9607A31-A7FD-C120-89DE-C97ED45E345B">
<createdBy>logonrmlocal</createdBy>
<createdTime>2023-04-11 22:22:58 UTC</createdTime>
<comment><![CDATA[Esse atributo irá receber o tipo do telefone. Os valores possíveis são: Celular, Fixo, Ramal, Contato, Emergencia.]]></comment>
<commentInRDBMS><![CDATA[Esse atributo irá receber o tipo do telefone. Os valores possíveis são: Celular, Fixo, Ramal, Contato, Emergencia.]]></commentInRDBMS>
<ownerDesignName>PROJETO_HOSPITAL</ownerDesignName>
<importedID>F8BEB387-725B-C4E7-A2CF-BE63F35610FB</importedID>
<engineerTo>
<item key="BD52EFD7-AD57-1D29-FBCE-37428351E3D1" value="true"/>
</engineerTo>
<useDomainConstraints>false</useDomainConstraints>
<use>1</use>
<logicalDatatype>LOGDT024</logicalDatatype>
<dataTypeSize>25</dataTypeSize>
<ownDataTypeParameters>25,,</ownDataTypeParameters>
</Attribute>
<Attribute name="ST_TELEFONE" id="399AFCE5-2FEC-181B-F92E-E0C6BAD8AAA5">
<createdBy>logonrmlocal</createdBy>
<createdTime>2023-04-11 22:28:10 UTC</createdTime>
<ownerDesignName>PROJETO_HOSPITAL</ownerDesignName>
<engineerTo>
<item key="BD52EFD7-AD57-1D29-FBCE-37428351E3D1" value="true"/>
</engineerTo>
<useDomainConstraints>false</useDomainConstraints>
<use>1</use>
<logicalDatatype>LOGDT019</logicalDatatype>
<dataTypePrecision>1</dataTypePrecision>
<ownDataTypeParameters>,1,</ownDataTypeParameters>
</Attribute>
</attributes>
<identifiers itemClass="oracle.dbtools.crest.model.design.logical.CandidateKey">
<identifier id="7829B009-BD8D-FDEF-FCBB-6048BD520C7A" name="T_VB_CLIENTE PK">
<createdBy>logonrmlocal</createdBy>
<createdTime>2023-04-11 22:22:58 UTC</createdTime>
<ownerDesignName>PROJETO_HOSPITAL</ownerDesignName>
<engineerTo>
<item key="BD52EFD7-AD57-1D29-FBCE-37428351E3D1" value="true"/>
</engineerTo>
<pk>true</pk>
<usedAttributes>
<attributeRef>0634347A-89C7-60CD-1C05-10846C2C9343</attributeRef>
</usedAttributes>
</identifier>
</identifiers>
</Entity>