<?xml version = '1.0' encoding = 'UTF-8'?>
<Relation class="oracle.dbtools.crest.model.design.logical.Relation" name="Relation_13" directorySegmentName="seg_0" id="1DE81324-BF49-C5B2-DD0C-973181955C9B">
<createdBy>logonrmlocal</createdBy>
<createdTime>2023-04-11 22:57:24 UTC</createdTime>
<ownerDesignName>PROJETO_HOSPITAL</ownerDesignName>
<engineerTo>
<item key="BD52EFD7-AD57-1D29-FBCE-37428351E3D1" value="true"/>
</engineerTo>
<sourcePk>87BC7D43-A33C-33F7-E253-7DC2DD63AD18</sourcePk>
<identifying>false</identifying>
<optionalSource>true</optionalSource>
<optionalTarget>false</optionalTarget>
<sourceCardinality>1</sourceCardinality>
<sourceEntity>CF7E684C-BC79-0E77-8FF8-4F47FD9F030D</sourceEntity>
<targetCardinalityString>*</targetCardinalityString>
<targetEntity>EE269725-9526-7646-7119-DB2E063BE677</targetEntity>
<transferable>true</transferable>
<deleteRule>NO ACTION</deleteRule>
</Relation>