<?xml version = '1.0' encoding = 'UTF-8'?>
<Relation class="oracle.dbtools.crest.model.design.logical.Relation" name="Relation_14" directorySegmentName="seg_0" id="623F2D3C-D03F-626A-4CFB-28BE89CD3101">
<createdBy>logonrmlocal</createdBy>
<createdTime>2023-04-11 23:18:55 UTC</createdTime>
<ownerDesignName>PROJETO_HOSPITAL</ownerDesignName>
<engineerTo>
<item key="BD52EFD7-AD57-1D29-FBCE-37428351E3D1" value="true"/>
</engineerTo>
<sourcePk>87BC7D43-A33C-33F7-E253-7DC2DD63AD18</sourcePk>
<identifying>false</identifying>
<optionalSource>true</optionalSource>
<optionalTarget>false</optionalTarget>
<sourceCardinality>1</sourceCardinality>
<sourceEntity>CF7E684C-BC79-0E77-8FF8-4F47FD9F030D</sourceEntity>
<targetCardinalityString>*</targetCardinalityString>
<targetEntity>C023C37B-73A0-F5E9-BA35-4543DDFA0A73</targetEntity>
<transferable>true</transferable>
<deleteRule>NO ACTION</deleteRule>
</Relation>