<?xml version = '1.0' encoding = 'UTF-8'?>
<Relation class="oracle.dbtools.crest.model.design.logical.Relation" name="FK_TELPACIENTE_PACIENTE" directorySegmentName="seg_0" id="635E78F2-3EA6-61D4-E7C5-E28D3B43923A">
<createdBy>logonrmlocal</createdBy>
<createdTime>2023-04-11 22:30:35 UTC</createdTime>
<ownerDesignName>PROJETO_HOSPITAL</ownerDesignName>
<engineerTo>
<item key="BD52EFD7-AD57-1D29-FBCE-37428351E3D1" value="true"/>
</engineerTo>
<sourcePk>6E644410-7AD5-C7FC-2576-8D927C238CC0</sourcePk>
<identifying>false</identifying>
<optionalSource>true</optionalSource>
<optionalTarget>false</optionalTarget>
<sourceCardinality>1</sourceCardinality>
<sourceEntity>506DDC9A-FC9E-D13D-7FAD-ED571E3AEA46</sourceEntity>
<targetCardinalityString>*</targetCardinalityString>
<targetEntity>128A06F5-ACC4-30DE-2C1E-AAC377E85CE9</targetEntity>
<transferable>true</transferable>
<deleteRule>NO ACTION</deleteRule>
</Relation>