<?xml version = '1.0' encoding = 'UTF-8'?>
<Relation class="oracle.dbtools.crest.model.design.logical.Relation" name="Relation_15" directorySegmentName="seg_0" id="EB3AAC92-3084-5923-2514-3AAF334BC384">
<createdBy>logonrmlocal</createdBy>
<createdTime>2023-04-11 23:19:17 UTC</createdTime>
<ownerDesignName>PROJETO_HOSPITAL</ownerDesignName>
<engineerTo>
<item key="BD52EFD7-AD57-1D29-FBCE-37428351E3D1" value="true"/>
</engineerTo>
<sourcePk>D6771B1E-419B-D345-0A01-83C5F181A2D9</sourcePk>
<identifying>false</identifying>
<optionalSource>true</optionalSource>
<optionalTarget>false</optionalTarget>
<sourceCardinality>1</sourceCardinality>
<sourceEntity>8A769596-8442-81C5-8E8B-9FFE4C17B2D7</sourceEntity>
<targetCardinalityString>*</targetCardinalityString>
<targetEntity>C023C37B-73A0-F5E9-BA35-4543DDFA0A73</targetEntity>
<transferable>true</transferable>
<deleteRule>NO ACTION</deleteRule>
</Relation>