<?xml version = '1.0' encoding = 'UTF-8'?>
<Table class="oracle.dbtools.crest.model.design.relational.Table" directorySegmentName="seg_0" id="4C552F60-0C6B-BF83-9131-F7C833CB5B3D" name="T_RHSTU_CIDADE">
<createdBy>Gustavo Padlipskas</createdBy>
<createdTime>2022-08-08 20:42:05 UTC</createdTime>
<generatorID>6AD84641-74C7-941E-D851-BC47522F588A</generatorID>
<ownerDesignName>PROJETO_HOSPITAL</ownerDesignName>
<allowColumnReorder>false</allowColumnReorder>
<existDependencyGenerateInDDl>true</existDependencyGenerateInDDl>
<parsed>true</parsed>
<columns itemClass="oracle.dbtools.crest.model.design.relational.Column">
<Column name="ID_CIDADE" id="3F6E3E54-C27B-7F3F-FD47-044C9568BA19">
<createdBy>Gustavo Padlipskas</createdBy>
<createdTime>2022-08-08 20:42:05 UTC</createdTime>
<comment><![CDATA[Esta coluna irá receber o codigo da cidade e seu conteúdo é obrigatório e será preenchido automaticamente pelo sistema.]]></comment>
<commentInRDBMS><![CDATA[Esta coluna irá receber o codigo da cidade e seu conteúdo é obrigatório e será preenchido automaticamente pelo sistema.

]]></commentInRDBMS>
<generatorID>61BDFDC6-6C67-88C6-EF74-7EE2BAF780A0</generatorID>
<ownerDesignName>PROJETO_HOSPITAL</ownerDesignName>
<useDomainConstraints>false</useDomainConstraints>
<use>1</use>
<logicalDatatype>LOGDT019</logicalDatatype>
<dataTypePrecision>8</dataTypePrecision>
<ownDataTypeParameters>,8,</ownDataTypeParameters>
<autoIncrementCycle>false</autoIncrementCycle>
</Column>
<Column name="ID_ESTADO" id="833BB14B-50E0-5C99-42B6-D49FA9A95B09">
<createdBy>Gustavo Padlipskas</createdBy>
<createdTime>2022-08-08 20:42:05 UTC</createdTime>
<comment><![CDATA[Esta coluna irá receber o codigo interno para garantir unicidade dos Estados do Brasil. Seu conteúdo é obrigatório e único será preenchido automaticamente pelo sistema.]]></comment>
<commentInRDBMS><![CDATA[Esta coluna irá receber o codigo interno para garantir unicidade dos Estados do Brasil. Seu conteúdo é obrigatório e único será preenchido automaticamente pelo sistema.]]></commentInRDBMS>
<generatorID>06EF4EED-C966-86D4-E1AE-D1EF3B1CA1D5</generatorID>
<ownerDesignName>PROJETO_HOSPITAL</ownerDesignName>
<useDomainConstraints>false</useDomainConstraints>
<use>1</use>
<logicalDatatype>LOGDT019</logicalDatatype>
<dataTypePrecision>2</dataTypePrecision>
<ownDataTypeParameters>,2,</ownDataTypeParameters>
<previousColumn>false</previousColumn>
<autoIncrementCycle>false</autoIncrementCycle>
<associations>
<colAssociation fkAssociation="819D6A4D-C1CD-B5B9-E161-E39A0002E2F4" referredColumn="BBDC0613-F140-F81A-DB91-A11A40116E4F"/>
</associations>
</Column>
<Column name="NM_CIDADE" id="90721346-70B2-9D43-50CD-3436B980C94D">
<createdBy>Gustavo Padlipskas</createdBy>
<createdTime>2022-08-08 20:42:05 UTC</createdTime>
<comment><![CDATA[Esta coluna irá receber o nome do Cidade pertencente ao Estado Brasileiro. O padrão de armazenmento é  InitCap e seu conteúdo é obrigatório. Essa tabela já será preenchida pela área responsável. Novas inseções necessitam ser avaladas pelos gestores.]]></comment>
<commentInRDBMS><![CDATA[Esta coluna irá receber o nome do Cidade pertencente ao Estado Brasileiro. O padrão de armazenmento é  InitCap e seu conteúdo é obrigatório. Essa tabela já será preenchida pela área responsável. Novas inseções necessitam ser avaladas pelos gestores.]]></commentInRDBMS>
<generatorID>2673F94F-8DF5-0569-82D2-21D35E690659</generatorID>
<ownerDesignName>PROJETO_HOSPITAL</ownerDesignName>
<useDomainConstraints>false</useDomainConstraints>
<use>1</use>
<logicalDatatype>LOGDT024</logicalDatatype>
<dataTypeSize>60</dataTypeSize>
<ownDataTypeParameters>60,,</ownDataTypeParameters>
<autoIncrementCycle>false</autoIncrementCycle>
</Column>
<Column name="CD_IBGE" id="66D73E62-EF6D-7DEC-6FC2-9E92DCDD218A">
<createdBy>Gustavo Padlipskas</createdBy>
<createdTime>2022-08-08 20:42:05 UTC</createdTime>
<comment><![CDATA[Esta coluna irá receber o codigo da cidade e seu conteúdo é obrigatório.]]></comment>
<commentInRDBMS><![CDATA[Esta coluna irá receber o código do IBGE que fornece informações para geração da NFe.]]></commentInRDBMS>
<generatorID>553A0CD7-5D5C-7FB5-B726-E4E361E223B5</generatorID>
<ownerDesignName>PROJETO_HOSPITAL</ownerDesignName>
<useDomainConstraints>false</useDomainConstraints>
<use>1</use>
<logicalDatatype>LOGDT019</logicalDatatype>
<dataTypePrecision>8</dataTypePrecision>
<ownDataTypeParameters>,8,</ownDataTypeParameters>
<autoIncrementCycle>false</autoIncrementCycle>
</Column>
<Column name="NR_DDD" id="299787EB-ED61-F8B7-571E-43240AAEBDFA">
<createdBy>Gustavo Padlipskas</createdBy>
<createdTime>2022-08-08 20:42:05 UTC</createdTime>
<generatorID>CDD18476-F944-37EE-D639-04D7A1F9113D</generatorID>
<ownerDesignName>PROJETO_HOSPITAL</ownerDesignName>
<useDomainConstraints>false</useDomainConstraints>
<use>1</use>
<logicalDatatype>LOGDT019</logicalDatatype>
<dataTypePrecision>3</dataTypePrecision>
<ownDataTypeParameters>,3,</ownDataTypeParameters>
<autoIncrementCycle>false</autoIncrementCycle>
</Column>
</columns>
<indexes itemClass="oracle.dbtools.crest.model.design.relational.Index">
<ind_PK_UK id="5F43324C-905C-B733-2A9F-3AEC1D72E62F" name="PK_RHSTU_CIDADE">
<createdBy>Gustavo Padlipskas</createdBy>
<createdTime>2022-08-08 20:42:05 UTC</createdTime>
<generatorID>727A5E65-2160-59DA-D726-F4D7699E4E27</generatorID>
<ownerDesignName>PROJETO_HOSPITAL</ownerDesignName>
<pk>true</pk>
<indexState>Primary Constraint</indexState>
<isSurrogateKey>false</isSurrogateKey>
<indexColumnUsage>
<colUsage columnID="3F6E3E54-C27B-7F3F-FD47-044C9568BA19"/>
</indexColumnUsage>
</ind_PK_UK>
<ind_PK_UK id="0EC4284F-2AA8-3792-380D-C941D2F0E5F6" name="FK_PKD_ESTADO_CIDADE">
<createdBy>Gustavo Padlipskas</createdBy>
<createdTime>2022-08-08 20:42:05 UTC</createdTime>
<generatorID>7A44CA83-2567-601B-3A93-654A32B8C4FE</generatorID>
<ownerDesignName>PROJETO_HOSPITAL</ownerDesignName>
<indexState>Foreign Key</indexState>
<isSurrogateKey>false</isSurrogateKey>
<indexColumnUsage>
<colUsage columnID="833BB14B-50E0-5C99-42B6-D49FA9A95B09"/>
</indexColumnUsage>
</ind_PK_UK>
</indexes>
</Table>