<?xml version = '1.0' encoding = 'UTF-8'?>
<Table class="oracle.dbtools.crest.model.design.relational.Table" directorySegmentName="seg_0" id="69B7F4DB-C1DE-F390-EFB2-2844B74DDAB7" name="T_RHSTU_ESTADO">
<createdBy>Gustavo Padlipskas</createdBy>
<createdTime>2022-08-08 20:42:05 UTC</createdTime>
<generatorID>7F97AFCE-66B0-EFFB-374D-972A410BD8AB</generatorID>
<ownerDesignName>PROJETO_HOSPITAL</ownerDesignName>
<allowColumnReorder>false</allowColumnReorder>
<existDependencyGenerateInDDl>true</existDependencyGenerateInDDl>
<parsed>true</parsed>
<columns itemClass="oracle.dbtools.crest.model.design.relational.Column">
<Column name="ID_ESTADO" id="BBDC0613-F140-F81A-DB91-A11A40116E4F">
<createdBy>Gustavo Padlipskas</createdBy>
<createdTime>2022-08-08 20:42:05 UTC</createdTime>
<comment><![CDATA[Esta coluna irá receber o codigo interno para garantir unicidade dos Estados do Brasil. Seu conteúdo é obrigatório e único será preenchido automaticamente pelo sistema.]]></comment>
<commentInRDBMS><![CDATA[Esta coluna irá receber o codigo interno para garantir unicidade dos Estados do Brasil. Seu conteúdo é obrigatório e único será preenchido automaticamente pelo sistema.]]></commentInRDBMS>
<generatorID>29565B2C-9238-D133-53D1-0C1B837174E3</generatorID>
<ownerDesignName>PROJETO_HOSPITAL</ownerDesignName>
<useDomainConstraints>false</useDomainConstraints>
<use>1</use>
<logicalDatatype>LOGDT019</logicalDatatype>
<dataTypePrecision>2</dataTypePrecision>
<ownDataTypeParameters>,2,</ownDataTypeParameters>
<autoIncrementCycle>false</autoIncrementCycle>
</Column>
<Column name="SG_ESTADO" id="2CB7FC70-1E0A-3D0F-AED9-06E5467B68DA">
<createdBy>Gustavo Padlipskas</createdBy>
<createdTime>2022-08-08 20:42:05 UTC</createdTime>
<comment><![CDATA[Esta coluna ira receber a siga do Estado. Esse conteúdo é obrigatório.]]></comment>
<commentInRDBMS><![CDATA[Esta coluna ira receber a siga do Estado. Esse conteúdo é obrigatório.]]></commentInRDBMS>
<generatorID>3590F6AD-243A-0A2A-02A3-9168016DB796</generatorID>
<ownerDesignName>PROJETO_HOSPITAL</ownerDesignName>
<useDomainConstraints>false</useDomainConstraints>
<use>1</use>
<logicalDatatype>LOGDT025</logicalDatatype>
<dataTypeSize>2</dataTypeSize>
<ownDataTypeParameters>2,,</ownDataTypeParameters>
<autoIncrementCycle>false</autoIncrementCycle>
</Column>
<Column name="NM_ESTADO" id="ECBA883B-8271-0126-132D-24EE6FE63A31">
<createdBy>Gustavo Padlipskas</createdBy>
<createdTime>2022-08-08 20:42:05 UTC</createdTime>
<comment><![CDATA[Esta coluna irá receber o nome do estado. O padrão de armazenmento é  InitCap e seu conteúdo é obrigatório. Essa tabela já será preenchida pela área responsável. Novas inseções necessitam ser avaladas pelos gestores.]]></comment>
<commentInRDBMS><![CDATA[Esta coluna irá receber o nome do estado. O padrão de armazenmento é  InitCap e seu conteúdo é obrigatório. Essa tabela já será preenchida pela área responsável. Novas inseções necessitam ser avaladas pelos gestores.]]></commentInRDBMS>
<generatorID>B80E6F68-7B9C-559C-01A5-7ED15B473499</generatorID>
<ownerDesignName>PROJETO_HOSPITAL</ownerDesignName>
<useDomainConstraints>false</useDomainConstraints>
<use>1</use>
<logicalDatatype>LOGDT024</logicalDatatype>
<dataTypeSize>30</dataTypeSize>
<ownDataTypeParameters>30,,</ownDataTypeParameters>
<autoIncrementCycle>false</autoIncrementCycle>
</Column>
</columns>
<indexes itemClass="oracle.dbtools.crest.model.design.relational.Index">
<ind_PK_UK id="14C87BEA-DD0C-A098-2CE2-B6BF98DAA774" name="PK_RHSTU_ESTADO">
<createdBy>Gustavo Padlipskas</createdBy>
<createdTime>2022-08-08 20:42:05 UTC</createdTime>
<generatorID>84B5312C-1105-43DC-3AA4-24C5422A01CD</generatorID>
<ownerDesignName>PROJETO_HOSPITAL</ownerDesignName>
<pk>true</pk>
<indexState>Primary Constraint</indexState>
<isSurrogateKey>false</isSurrogateKey>
<indexColumnUsage>
<colUsage columnID="BBDC0613-F140-F81A-DB91-A11A40116E4F"/>
</indexColumnUsage>
</ind_PK_UK>
</indexes>
</Table>