<?xml version = '1.0' encoding = 'UTF-8'?>
<Table class="oracle.dbtools.crest.model.design.relational.Table" directorySegmentName="seg_0" id="73A5416D-27CF-47E2-61E8-21437A759EFD" name="T_RHSTU_CONTATO_PACIENTE">
<createdBy>Gustavo Padlipskas</createdBy>
<createdTime>2022-08-08 20:42:05 UTC</createdTime>
<generatorID>1A38783D-A6E3-011F-AE94-7991B8C23B12</generatorID>
<ownerDesignName>PROJETO_HOSPITAL</ownerDesignName>
<allowColumnReorder>false</allowColumnReorder>
<existDependencyGenerateInDDl>true</existDependencyGenerateInDDl>
<parsed>true</parsed>
<columns itemClass="oracle.dbtools.crest.model.design.relational.Column">
<Column name="ID_PACIENTE" id="659AB1B6-D591-8AB8-2561-7FBB10361809">
<createdBy>Gustavo Padlipskas</createdBy>
<createdTime>2022-08-08 20:42:05 UTC</createdTime>
<comment><![CDATA[Esse atributo irá receber a chave primária do paciente. Esse número é sequencial e gerado automaticamente pelo sistema. Seu conteúdo é obrigatório.]]></comment>
<commentInRDBMS><![CDATA[Esse atributo irá receber a chave primária do paciente. Esse número é sequencial e gerado automaticamente pelo sistema. Seu conteúdo é obrigatório.]]></commentInRDBMS>
<generatorID>1C64CBCB-A234-0861-938D-0EB064629329</generatorID>
<ownerDesignName>PROJETO_HOSPITAL</ownerDesignName>
<useDomainConstraints>false</useDomainConstraints>
<use>1</use>
<logicalDatatype>LOGDT019</logicalDatatype>
<dataTypePrecision>9</dataTypePrecision>
<ownDataTypeParameters>,9,</ownDataTypeParameters>
<previousColumn>false</previousColumn>
<autoIncrementCycle>false</autoIncrementCycle>
<associations>
<colAssociation fkAssociation="C732B67A-C6FB-EDC6-1588-2F5F42A35CE1" referredColumn="FF9E1A8F-60E6-2948-04A6-A087017D5681"/>
</associations>
</Column>
<Column name="ID_CONTATO" id="128DBBDB-6379-7F6D-AC6C-E9EC44F4B779">
<createdBy>Gustavo Padlipskas</createdBy>
<createdTime>2022-08-08 20:42:05 UTC</createdTime>
<comment><![CDATA[Esse atributo irá receber a chave primária do contato do paciente. Esse número é sequencial e inicia sempre com 1 a partir do id do paciente e é gerado automaticamente pelo sistema. Seu conteúdo é obrigatório.]]></comment>
<commentInRDBMS><![CDATA[Esse atributo irá receber a chave primária do contato do paciente. Esse número é sequencial e inicia sempre com 1 a partir do id do paciente e é gerado automaticamente pelo sistema. Seu conteúdo é obrigatório.]]></commentInRDBMS>
<generatorID>C60797BE-4119-9129-B14A-88739D575B56</generatorID>
<ownerDesignName>PROJETO_HOSPITAL</ownerDesignName>
<useDomainConstraints>false</useDomainConstraints>
<use>1</use>
<logicalDatatype>LOGDT019</logicalDatatype>
<dataTypePrecision>9</dataTypePrecision>
<ownDataTypeParameters>,9,</ownDataTypeParameters>
<autoIncrementCycle>false</autoIncrementCycle>
</Column>
<Column name="ID_TIPO_CONTATO" id="834FFACD-1E61-3E99-2933-0E97C6052BDB">
<createdBy>Gustavo Padlipskas</createdBy>
<createdTime>2022-08-08 20:42:05 UTC</createdTime>
<comment><![CDATA[Esse atributo irá receber a chave primária do tipo do contato. Esse número é sequencial e gerado automaticamente pelo sistema. Seu conteúdo é obrigatório.]]></comment>
<commentInRDBMS><![CDATA[Esse atributo irá receber a chave primária do tipo do contato. Esse número é sequencial e gerado automaticamente pelo sistema. Seu conteúdo é obrigatório.]]></commentInRDBMS>
<generatorID>894D4DF0-1BF7-ADC3-9CEB-77AAC83B16AA</generatorID>
<ownerDesignName>PROJETO_HOSPITAL</ownerDesignName>
<useDomainConstraints>false</useDomainConstraints>
<use>1</use>
<logicalDatatype>LOGDT019</logicalDatatype>
<dataTypePrecision>5</dataTypePrecision>
<ownDataTypeParameters>,5,</ownDataTypeParameters>
<previousColumn>false</previousColumn>
<autoIncrementCycle>false</autoIncrementCycle>
<associations>
<colAssociation fkAssociation="A459D71F-E813-095A-CD20-9F1FE2A2D519" referredColumn="A42119D8-7969-509C-7CF5-BDB7AD6D3AD1"/>
</associations>
</Column>
<Column name="NM_CONTATO" id="EFB302D2-916A-06FB-1926-D112707F403C">
<createdBy>Gustavo Padlipskas</createdBy>
<createdTime>2022-08-08 20:42:05 UTC</createdTime>
<comment><![CDATA[Este atributo irá receber o nome do contato do paciente. Seu conteudo é obrigatório.]]></comment>
<commentInRDBMS><![CDATA[Este atributo irá receber o nome do contato do paciente. Seu conteudo é obrigatório.]]></commentInRDBMS>
<generatorID>11C8FA5C-8E33-3243-4E99-FAED8A12A931</generatorID>
<ownerDesignName>PROJETO_HOSPITAL</ownerDesignName>
<useDomainConstraints>false</useDomainConstraints>
<use>1</use>
<logicalDatatype>LOGDT024</logicalDatatype>
<dataTypeSize>40</dataTypeSize>
<ownDataTypeParameters>40,,</ownDataTypeParameters>
<autoIncrementCycle>false</autoIncrementCycle>
</Column>
<Column name="NR_DDI" id="B0141FAF-E08D-E059-01BE-CD6F38C90F01">
<createdBy>Gustavo Padlipskas</createdBy>
<createdTime>2022-08-08 20:42:05 UTC</createdTime>
<comment><![CDATA[Este atributo irá receber o número do DDI do telefone do contato do paciente. Seu conteudo é opcional.]]></comment>
<commentInRDBMS><![CDATA[Este atributo irá receber o número do DDI do telefone do contato do paciente. Seu conteudo é opcional.]]></commentInRDBMS>
<generatorID>294FD7DF-01BD-9510-9064-BCAA0B2F2A80</generatorID>
<ownerDesignName>PROJETO_HOSPITAL</ownerDesignName>
<nullsAllowed>true</nullsAllowed>
<useDomainConstraints>false</useDomainConstraints>
<use>1</use>
<logicalDatatype>LOGDT019</logicalDatatype>
<dataTypePrecision>3</dataTypePrecision>
<ownDataTypeParameters>,3,</ownDataTypeParameters>
<autoIncrementCycle>false</autoIncrementCycle>
</Column>
<Column name="NR_DDD" id="AF9569EB-3FAB-5217-AE53-827C68B17417">
<createdBy>Gustavo Padlipskas</createdBy>
<createdTime>2022-08-08 20:42:05 UTC</createdTime>
<comment><![CDATA[Este atributo irá receber o número do DDD  do telefone do contato do paciente. Seu conteudo é opcional.]]></comment>
<commentInRDBMS><![CDATA[Este atributo irá receber o número do DDD  do telefone do contato do paciente. Seu conteudo é opcional.]]></commentInRDBMS>
<generatorID>CA14A3CD-3477-1A67-B741-3DB8808D3250</generatorID>
<ownerDesignName>PROJETO_HOSPITAL</ownerDesignName>
<nullsAllowed>true</nullsAllowed>
<useDomainConstraints>false</useDomainConstraints>
<use>1</use>
<logicalDatatype>LOGDT019</logicalDatatype>
<dataTypePrecision>3</dataTypePrecision>
<ownDataTypeParameters>,3,</ownDataTypeParameters>
<autoIncrementCycle>false</autoIncrementCycle>
</Column>
<Column name="NR_TELEFONE" id="A997D458-ADCE-B356-9FBA-6C0590666807">
<createdBy>Gustavo Padlipskas</createdBy>
<createdTime>2022-08-08 20:42:05 UTC</createdTime>
<comment><![CDATA[Este atributo irá receber o número do telefone do contato do paciente. Seu conteudo é opcional.]]></comment>
<commentInRDBMS><![CDATA[Este atributo irá receber o número do telefone do contato do paciente. Seu conteudo é opcional.]]></commentInRDBMS>
<generatorID>4C257F99-8015-21C5-1A14-EA8F95A502F9</generatorID>
<ownerDesignName>PROJETO_HOSPITAL</ownerDesignName>
<nullsAllowed>true</nullsAllowed>
<useDomainConstraints>false</useDomainConstraints>
<use>1</use>
<logicalDatatype>LOGDT019</logicalDatatype>
<dataTypePrecision>10</dataTypePrecision>
<ownDataTypeParameters>,10,</ownDataTypeParameters>
<autoIncrementCycle>false</autoIncrementCycle>
</Column>
</columns>
<indexes itemClass="oracle.dbtools.crest.model.design.relational.Index">
<ind_PK_UK id="A7380FD4-3A7D-221C-2C16-65D530F3BD16" name="PK_RHSTU_CONTATO_EMERG_PAC">
<createdBy>Gustavo Padlipskas</createdBy>
<createdTime>2022-08-08 20:42:05 UTC</createdTime>
<generatorID>2AE6C75F-2810-8CEA-5FA4-7C1166C2AFA6</generatorID>
<ownerDesignName>PROJETO_HOSPITAL</ownerDesignName>
<pk>true</pk>
<indexState>Primary Constraint</indexState>
<isSurrogateKey>false</isSurrogateKey>
<indexColumnUsage>
<colUsage columnID="128DBBDB-6379-7F6D-AC6C-E9EC44F4B779"/>
<colUsage columnID="659AB1B6-D591-8AB8-2561-7FBB10361809"/>
</indexColumnUsage>
</ind_PK_UK>
<ind_PK_UK id="D8487E4D-AD0B-EF2E-46DB-B89820A192B1" name="FK_PACIENTE_CONTATO_EMERG">
<createdBy>Gustavo Padlipskas</createdBy>
<createdTime>2022-08-08 20:42:05 UTC</createdTime>
<generatorID>DE1DF8BF-A74C-3932-5D5D-DC1555633DE6</generatorID>
<ownerDesignName>PROJETO_HOSPITAL</ownerDesignName>
<indexState>Foreign Key</indexState>
<isSurrogateKey>false</isSurrogateKey>
<indexColumnUsage>
<colUsage columnID="659AB1B6-D591-8AB8-2561-7FBB10361809"/>
</indexColumnUsage>
</ind_PK_UK>
<ind_PK_UK id="222482B0-8A08-44BC-22A6-39B048FA0063" name="FK_RHSTU_TIPO_CONTATO">
<createdBy>Gustavo Padlipskas</createdBy>
<createdTime>2022-08-08 20:42:05 UTC</createdTime>
<generatorID>20403068-9FFF-7A08-63D5-13C205008336</generatorID>
<ownerDesignName>PROJETO_HOSPITAL</ownerDesignName>
<indexState>Foreign Key</indexState>
<isSurrogateKey>false</isSurrogateKey>
<indexColumnUsage>
<colUsage columnID="834FFACD-1E61-3E99-2933-0E97C6052BDB"/>
</indexColumnUsage>
</ind_PK_UK>
</indexes>
</Table>