<?xml version = '1.0' encoding = 'UTF-8'?>
<Table class="oracle.dbtools.crest.model.design.relational.Table" directorySegmentName="seg_0" id="9D6EC161-08E1-F216-A531-207B0ED012DC" name="T_RHSTU_PACIENTE_PLANO_SAUDE">
<createdBy>Gustavo Padlipskas</createdBy>
<createdTime>2022-08-08 20:42:05 UTC</createdTime>
<generatorID>CAE63D5C-FA46-DA05-291D-441B59B3C713</generatorID>
<ownerDesignName>PROJETO_HOSPITAL</ownerDesignName>
<allowColumnReorder>false</allowColumnReorder>
<existDependencyGenerateInDDl>true</existDependencyGenerateInDDl>
<parsed>true</parsed>
<columns itemClass="oracle.dbtools.crest.model.design.relational.Column">
<Column name="ID_PACIENTE_PS" id="AE77525D-CF20-250B-F955-7F92C9490F71">
<createdBy>Gustavo Padlipskas</createdBy>
<createdTime>2022-08-08 20:42:05 UTC</createdTime>
<comment><![CDATA[Esse atributo irá receber a chave primária do plano de saúde do paciente. Esse número é sequencial e gerado automaticamente pelo sistema. Seu conteúdo é obrigatório.]]></comment>
<commentInRDBMS><![CDATA[Esse atributo irá receber a chave primária do plano de saúde do paciente. Esse número é sequencial e gerado automaticamente pelo sistema. Seu conteúdo é obrigatório.]]></commentInRDBMS>
<generatorID>9A9413F8-DD8F-153E-A6D7-6AC7C8FD6385</generatorID>
<ownerDesignName>PROJETO_HOSPITAL</ownerDesignName>
<useDomainConstraints>false</useDomainConstraints>
<use>1</use>
<logicalDatatype>LOGDT019</logicalDatatype>
<dataTypePrecision>10</dataTypePrecision>
<ownDataTypeParameters>,10,</ownDataTypeParameters>
<autoIncrementCycle>false</autoIncrementCycle>
</Column>
<Column name="ID_PACIENTE" id="B208DBD5-1B52-0A03-0859-078F01921823">
<createdBy>Gustavo Padlipskas</createdBy>
<createdTime>2022-08-08 20:42:05 UTC</createdTime>
<comment><![CDATA[Esse atributo irá receber a chave primária do paciente. Esse número é sequencial e gerado automaticamente pelo sistema. Seu conteúdo é obrigatório.]]></comment>
<commentInRDBMS><![CDATA[Esse atributo irá receber a chave primária do paciente. Esse número é sequencial e gerado automaticamente pelo sistema. Seu conteúdo é obrigatório.]]></commentInRDBMS>
<generatorID>18B11CFF-5EFC-EDDF-9930-33000698A15B</generatorID>
<ownerDesignName>PROJETO_HOSPITAL</ownerDesignName>
<useDomainConstraints>false</useDomainConstraints>
<use>1</use>
<logicalDatatype>LOGDT019</logicalDatatype>
<dataTypePrecision>9</dataTypePrecision>
<ownDataTypeParameters>,9,</ownDataTypeParameters>
<previousColumn>false</previousColumn>
<autoIncrementCycle>false</autoIncrementCycle>
<associations>
<colAssociation fkAssociation="33FAAB00-A5E4-ED00-031B-3E2F802C34F6" referredColumn="FF9E1A8F-60E6-2948-04A6-A087017D5681"/>
</associations>
</Column>
<Column name="ID_PLANO_SAUDE" id="62C65F9C-5F6A-9D13-1108-D69E4AF1BAFF">
<createdBy>Gustavo Padlipskas</createdBy>
<createdTime>2022-08-08 20:42:05 UTC</createdTime>
<comment><![CDATA[Esse atributo irá receber a chave primária do plano de saúde. Esse número é sequencial e gerado automaticamente pelo sistema. Seu conteúdo é obrigatório.]]></comment>
<generatorID>25547378-D14F-63D1-8360-DEEEF10939F9</generatorID>
<ownerDesignName>PROJETO_HOSPITAL</ownerDesignName>
<useDomainConstraints>false</useDomainConstraints>
<use>1</use>
<logicalDatatype>LOGDT019</logicalDatatype>
<dataTypePrecision>5</dataTypePrecision>
<ownDataTypeParameters>,5,</ownDataTypeParameters>
<previousColumn>false</previousColumn>
<autoIncrementCycle>false</autoIncrementCycle>
<associations>
<colAssociation fkAssociation="3FD14D50-B773-8757-9552-90A0573E2BA2" referredColumn="C50AC571-D4C2-0159-EE56-C463A3A191A3"/>
</associations>
</Column>
<Column name="NR_CARTEIRA_PS" id="B13844A3-90F0-3E40-0A8C-D466D24C3DB2">
<createdBy>Gustavo Padlipskas</createdBy>
<createdTime>2022-08-08 20:42:05 UTC</createdTime>
<generatorID>15003F3B-8EFD-EF30-70E6-AC084A149F61</generatorID>
<ownerDesignName>PROJETO_HOSPITAL</ownerDesignName>
<nullsAllowed>true</nullsAllowed>
<useDomainConstraints>false</useDomainConstraints>
<use>1</use>
<logicalDatatype>LOGDT019</logicalDatatype>
<dataTypePrecision>15</dataTypePrecision>
<ownDataTypeParameters>,15,</ownDataTypeParameters>
<autoIncrementCycle>false</autoIncrementCycle>
</Column>
<Column name="DT_INICIO" id="ACCD8DE2-F4CE-977E-576C-238FD1D05758">
<createdBy>Gustavo Padlipskas</createdBy>
<createdTime>2022-08-08 20:42:05 UTC</createdTime>
<comment><![CDATA[Esse atributo irá receber a data de início para atendimento do plano de saúde do cliente aceito na RHSTU. Seu conteúdo é opcional.]]></comment>
<commentInRDBMS><![CDATA[Esse atributo irá receber a data de início para atendimento do plano de saúde do cliente aceito na RHSTU. Seu conteúdo é opcional.]]></commentInRDBMS>
<generatorID>D804C1B6-E42C-AA60-291E-C9A4A25130BB</generatorID>
<ownerDesignName>PROJETO_HOSPITAL</ownerDesignName>
<useDomainConstraints>false</useDomainConstraints>
<use>1</use>
<logicalDatatype>LOGDT007</logicalDatatype>
<ownDataTypeParameters>,,</ownDataTypeParameters>
<autoIncrementCycle>false</autoIncrementCycle>
</Column>
<Column name="DT_FIM" id="2491ED79-A201-03A8-094F-F6287243E7D6">
<createdBy>Gustavo Padlipskas</createdBy>
<createdTime>2022-08-08 20:42:05 UTC</createdTime>
<comment><![CDATA[Esse atributo irá receber a data de encerramento do plano de saúde aceito na RHSTU. Seu conteúdo é opcional.]]></comment>
<commentInRDBMS><![CDATA[Esse atributo irá receber a data de encerramento do plano de saúde aceito na RHSTU. Seu conteúdo é opcional.]]></commentInRDBMS>
<generatorID>74360E6E-5608-8AA0-4502-84F033D19590</generatorID>
<ownerDesignName>PROJETO_HOSPITAL</ownerDesignName>
<nullsAllowed>true</nullsAllowed>
<useDomainConstraints>false</useDomainConstraints>
<use>1</use>
<logicalDatatype>LOGDT007</logicalDatatype>
<ownDataTypeParameters>,,</ownDataTypeParameters>
<autoIncrementCycle>false</autoIncrementCycle>
</Column>
</columns>
<indexes itemClass="oracle.dbtools.crest.model.design.relational.Index">
<ind_PK_UK id="36261473-968C-C534-CC6E-71CF4616D525" name="PK_RHSTU_PAC_PLANO_SAUDE">
<createdBy>Gustavo Padlipskas</createdBy>
<createdTime>2022-08-08 20:42:05 UTC</createdTime>
<generatorID>4B649FE4-7304-9374-E5C9-3807E63ED774</generatorID>
<ownerDesignName>PROJETO_HOSPITAL</ownerDesignName>
<pk>true</pk>
<indexState>Primary Constraint</indexState>
<isSurrogateKey>false</isSurrogateKey>
<indexColumnUsage>
<colUsage columnID="AE77525D-CF20-250B-F955-7F92C9490F71"/>
</indexColumnUsage>
</ind_PK_UK>
<ind_PK_UK id="1B0607BE-8980-6D48-F30D-E09B267334B5" name="FK_RHSTU_PAC_PLANO_SAUDE">
<createdBy>Gustavo Padlipskas</createdBy>
<createdTime>2022-08-08 20:42:05 UTC</createdTime>
<generatorID>64277932-723C-53E9-4B5B-01730F978667</generatorID>
<ownerDesignName>PROJETO_HOSPITAL</ownerDesignName>
<indexState>Foreign Key</indexState>
<isSurrogateKey>false</isSurrogateKey>
<indexColumnUsage>
<colUsage columnID="B208DBD5-1B52-0A03-0859-078F01921823"/>
</indexColumnUsage>
</ind_PK_UK>
<ind_PK_UK id="F224237B-236B-9A45-1118-E1472E76ABB7" name="FK_RHSTU_PLANO_SAUDE_PAC">
<createdBy>Gustavo Padlipskas</createdBy>
<createdTime>2022-08-08 20:42:05 UTC</createdTime>
<generatorID>44E5549C-C7C7-BF95-744C-5BB1486C3FD3</generatorID>
<ownerDesignName>PROJETO_HOSPITAL</ownerDesignName>
<indexState>Foreign Key</indexState>
<isSurrogateKey>false</isSurrogateKey>
<indexColumnUsage>
<colUsage columnID="62C65F9C-5F6A-9D13-1108-D69E4AF1BAFF"/>
</indexColumnUsage>
</ind_PK_UK>
</indexes>
</Table>